Marca temporal,equipos
19/9/2024 15:39:18,farselona
19/9/2024 15:39:20,farselona
19/9/2024 15:39:22,farselona
19/9/2024 15:39:25,farselona
19/9/2024 15:39:27,bayerngod munich
19/9/2024 15:39:29,farselona
19/9/2024 15:39:30,farselona
19/9/2024 15:39:30,farselona
19/9/2024 15:39:32,valdrid
19/9/2024 15:39:33,farselona
19/9/2024 15:39:33,valdrid
19/9/2024 15:39:34,farselona
19/9/2024 15:39:37,farselona
19/9/2024 15:39:38,valdrid
19/9/2024 15:39:39,farselona
19/9/2024 15:39:39,farselona
19/9/2024 15:39:39,otro
19/9/2024 15:39:41,farselona
19/9/2024 15:39:41,farselona
19/9/2024 15:39:41,farselona
19/9/2024 15:39:43,valdrid
19/9/2024 15:39:44,farselona
19/9/2024 15:39:47,farselona
19/9/2024 15:39:48,otro
19/9/2024 15:39:48,valdrid
19/9/2024 15:39:48,farselona
19/9/2024 15:39:50,farselona
19/9/2024 15:39:50,farselona
19/9/2024 15:39:51,farselona
19/9/2024 15:39:51,farselona
19/9/2024 15:39:52,farselona
19/9/2024 15:39:54,farselona
19/9/2024 15:39:54,valdrid
19/9/2024 15:39:55,farselona
19/9/2024 15:39:56,bayerngod munich
19/9/2024 15:39:56,farselona
19/9/2024 15:39:57,farselona
19/9/2024 15:39:58,valdrid
19/9/2024 15:39:59,farselona
19/9/2024 15:40:00,farselona
19/9/2024 15:40:00,farselona
19/9/2024 15:40:01,farselona
19/9/2024 15:40:01,valdrid
19/9/2024 15:40:01,farselona
19/9/2024 15:40:02,farselona
19/9/2024 15:40:02,psg
19/9/2024 15:40:04,farselona
19/9/2024 15:40:04,psg
19/9/2024 15:40:04,valdrid
19/9/2024 15:40:05,farselona
19/9/2024 15:40:05,farselona
19/9/2024 15:40:05,farselona
19/9/2024 15:40:07,valdrid
19/9/2024 15:40:07,farselona
19/9/2024 15:40:09,farselona
19/9/2024 15:40:09,valdrid
19/9/2024 15:40:10,farselona
19/9/2024 15:40:10,farselona
19/9/2024 15:40:10,farselona
19/9/2024 15:40:10,farselona
19/9/2024 15:40:10,valdrid
19/9/2024 15:40:11,psg
19/9/2024 15:40:13,farselona
19/9/2024 15:40:13,farselona
19/9/2024 15:40:13,valdrid
19/9/2024 15:40:13,valdrid
19/9/2024 15:40:14,farselona
19/9/2024 15:40:14,farselona
19/9/2024 15:40:16,valdrid
19/9/2024 15:40:16,valdrid
19/9/2024 15:40:16,bayerngod munich
19/9/2024 15:40:17,farselona
19/9/2024 15:40:18,farselona
19/9/2024 15:40:18,farselona
19/9/2024 15:40:19,valdrid
19/9/2024 15:40:19,farselona
19/9/2024 15:40:21,farselona
19/9/2024 15:40:22,farselona
19/9/2024 15:40:22,valdrid
19/9/2024 15:40:22,farselona
19/9/2024 15:40:23,valdrid
19/9/2024 15:40:23,valdrid
19/9/2024 15:40:23,farselona
19/9/2024 15:40:23,farselona
19/9/2024 15:40:24,farselona
19/9/2024 15:40:25,valdrid
19/9/2024 15:40:25,valdrid
19/9/2024 15:40:26,farselona
19/9/2024 15:40:26,farselona
19/9/2024 15:40:26,farselona
19/9/2024 15:40:29,farselona
19/9/2024 15:40:29,valdrid
19/9/2024 15:40:30,farselona
19/9/2024 15:40:32,farselona
19/9/2024 15:40:35,valdrid
19/9/2024 15:40:36,farselona
19/9/2024 15:40:38,valdrid
19/9/2024 15:40:38,valdrid
19/9/2024 15:40:39,bayerngod munich
19/9/2024 15:40:40,farselona
19/9/2024 15:40:41,valdrid
19/9/2024 15:40:41,valdrid
19/9/2024 15:40:41,farselona
19/9/2024 15:40:43,bayerngod munich
19/9/2024 15:40:44,valdrid
19/9/2024 15:40:44,farselona
19/9/2024 15:40:45,farselona
19/9/2024 15:40:45,farselona
19/9/2024 15:40:46,valdrid
19/9/2024 15:40:46,bayerngod munich
19/9/2024 15:40:48,farselona
19/9/2024 15:40:48,valdrid
19/9/2024 15:40:48,farselona
19/9/2024 15:40:49,farselona
19/9/2024 15:40:49,valdrid
19/9/2024 15:40:50,bayerngod munich
19/9/2024 15:40:51,farselona
19/9/2024 15:40:53,farselona
19/9/2024 15:40:53,valdrid
19/9/2024 15:40:53,farselona
19/9/2024 15:40:54,farselona
19/9/2024 15:40:54,valdrid
19/9/2024 15:40:54,bayerngod munich
19/9/2024 15:40:55,farselona
19/9/2024 15:40:57,valdrid
19/9/2024 15:40:57,valdrid
19/9/2024 15:40:58,farselona
19/9/2024 15:40:58,bayerngod munich
19/9/2024 15:40:58,farselona
19/9/2024 15:40:59,farselona
19/9/2024 15:40:59,valdrid
19/9/2024 15:41:01,bayerngod munich
19/9/2024 15:41:01,valdrid
19/9/2024 15:41:02,farselona
19/9/2024 15:41:02,valdrid
19/9/2024 15:41:04,farselona
19/9/2024 15:41:04,bayerngod munich
19/9/2024 15:41:05,valdrid
19/9/2024 15:41:05,valdrid
19/9/2024 15:41:05,farselona
19/9/2024 15:41:06,farselona
19/9/2024 15:41:07,bayerngod munich
19/9/2024 15:41:07,valdrid
19/9/2024 15:41:08,farselona
19/9/2024 15:41:09,farselona
19/9/2024 15:41:09,valdrid
19/9/2024 15:41:10,bayerngod munich
19/9/2024 15:41:11,farselona
19/9/2024 15:41:12,farselona
19/9/2024 15:41:13,bayerngod munich
19/9/2024 15:41:14,valdrid
19/9/2024 15:41:16,bayerngod munich
19/9/2024 15:41:17,valdrid
19/9/2024 15:41:18,farselona
19/9/2024 15:41:33,farselona
19/9/2024 15:41:38,farselona
19/9/2024 15:41:41,bayerngod munich
19/9/2024 15:41:41,farselona
19/9/2024 15:41:42,valdrid
19/9/2024 15:41:45,bayerngod munich
19/9/2024 15:41:46,valdrid
19/9/2024 15:41:48,valdrid
19/9/2024 15:41:50,valdrid
19/9/2024 15:41:51,bayerngod munich
19/9/2024 15:41:55,valdrid
19/9/2024 15:41:55,farselona
19/9/2024 15:41:56,bayerngod munich
19/9/2024 15:41:58,valdrid
19/9/2024 15:41:59,bayerngod munich
19/9/2024 15:42:02,valdrid
19/9/2024 15:42:02,bayerngod munich
19/9/2024 15:42:05,valdrid
19/9/2024 15:42:10,farselona
19/9/2024 15:42:10,valdrid
19/9/2024 15:42:13,valdrid
19/9/2024 15:47:18,farselona
19/9/2024 19:35:44,valdrid
19/9/2024 19:35:47,valdrid